{"MusicVolume":0.2492973357439041,"SoundsVolume":0.3029992878437042}